match,P(first win),P(draw),P(second win),Top 1 score,Top 2 score,Top 3 score,Top 4 score,Top 5 score,Top 6 score,Top 7 score,Top 8 score,Top 9 score,Top 10 score,Top 11 score,Top 12 score,Top 13 score,Top 14 score,Top 15 score,Top 16 score,Top 17 score,Top 18 score,Top 19 score,Top 20 score
Mexico vs South Africa,62.327,21.0132,16.6598,2-0 (10.9%),1-0 (10.9%),1-1 (9.9%),2-1 (9.9%),3-0 (7.1%),3-1 (6.6%),0-0 (5.5%),0-1 (5.0%),1-2 (4.6%),2-2 (4.5%),4-0 (3.6%),4-1 (3.2%),3-2 (3.0%),0-2 (2.3%),4-2 (1.5%),5-0 (1.5%),2-3 (1.4%),1-3 (1.4%),5-1 (1.3%),3-3 (0.9%)
Mexico vs South Korea,39.6404,25.7346,34.625,1-1 (12.2%),1-0 (9.4%),0-1 (8.7%),2-1 (8.6%),1-2 (8.0%),0-0 (6.7%),2-0 (6.6%),0-2 (5.6%),2-2 (5.5%),3-1 (4.0%),1-3 (3.4%),3-0 (3.1%),3-2 (2.6%),0-3 (2.5%),2-3 (2.4%),4-1 (1.4%),3-3 (1.1%),1-4 (1.1%),4-0 (1.1%),4-2 (0.9%)
Mexico vs Czech Republic,50.7034,24.2944,25.002200000000002,1-1 (11.5%),1-0 (10.6%),2-1 (9.6%),2-0 (8.8%),0-1 (6.9%),1-2 (6.3%),0-0 (6.3%),3-1 (5.4%),2-2 (5.3%),3-0 (4.9%),0-2 (3.8%),3-2 (2.9%),1-3 (2.3%),4-1 (2.2%),4-0 (2.0%),2-3 (1.9%),0-3 (1.4%),4-2 (1.2%),3-3 (1.0%),5-1 (0.8%)
South Africa vs South Korea,18.309800000000003,22.013199999999998,59.677,0-1 (10.9%),0-2 (10.4%),1-1 (10.4%),1-2 (9.9%),0-3 (6.6%),1-3 (6.3%),0-0 (5.8%),1-0 (5.4%),2-1 (5.0%),2-2 (4.8%),0-4 (3.1%),1-4 (3.0%),2-3 (3.0%),2-0 (2.6%),3-1 (1.6%),3-2 (1.5%),2-4 (1.4%),0-5 (1.2%),1-5 (1.2%),3-3 (1.0%)
South Africa vs Czech Republic,26.7924,24.7038,48.503800000000005,1-1 (11.7%),0-1 (10.3%),1-2 (9.5%),0-2 (8.4%),1-0 (7.4%),2-1 (6.6%),0-0 (6.4%),2-2 (5.3%),1-3 (5.1%),0-3 (4.5%),2-0 (4.1%),2-3 (2.9%),3-1 (2.5%),1-4 (2.1%),3-2 (2.0%),0-4 (1.8%),3-0 (1.6%),2-4 (1.1%),3-3 (1.1%),4-1 (0.7%)
South Korea vs Czech Republic,48.0564,24.807000000000002,27.1366,1-1 (11.8%),1-0 (10.4%),2-1 (9.4%),2-0 (8.2%),0-1 (7.3%),1-2 (6.7%),0-0 (6.5%),2-2 (5.3%),3-1 (5.0%),3-0 (4.4%),0-2 (4.2%),3-2 (2.9%),1-3 (2.6%),2-3 (2.0%),4-1 (2.0%),4-0 (1.8%),0-3 (1.6%),4-2 (1.1%),3-3 (1.1%),1-4 (0.7%)
Canada vs Bosnia and Herzegovina,62.397400000000005,20.9966,16.606,2-0 (10.9%),1-0 (10.8%),2-1 (10.0%),1-1 (10.0%),3-0 (7.2%),3-1 (6.6%),0-0 (5.4%),0-1 (5.0%),2-2 (4.6%),1-2 (4.6%),4-0 (3.6%),4-1 (3.3%),3-2 (3.0%),0-2 (2.3%),4-2 (1.5%),1-3 (1.4%),5-0 (1.4%),2-3 (1.4%),5-1 (1.3%),3-3 (0.9%)
Canada vs Qatar,63.8018,20.4218,15.776399999999999,2-0 (11.0%),1-0 (10.9%),2-1 (9.9%),1-1 (9.7%),3-0 (7.5%),3-1 (6.7%),0-0 (5.3%),0-1 (4.8%),1-2 (4.4%),2-2 (4.4%),4-0 (3.8%),4-1 (3.4%),3-2 (3.0%),0-2 (2.2%),5-0 (1.6%),4-2 (1.6%),5-1 (1.4%),1-3 (1.3%),2-3 (1.3%),3-3 (0.9%)
Canada vs Switzerland,34.078,25.8058,40.1162,1-1 (12.2%),0-1 (9.5%),1-2 (8.7%),1-0 (8.6%),2-1 (7.8%),0-0 (6.7%),0-2 (6.7%),2-2 (5.6%),2-0 (5.5%),1-3 (4.1%),3-1 (3.4%),0-3 (3.1%),2-3 (2.6%),3-2 (2.4%),3-0 (2.4%),1-4 (1.5%),3-3 (1.1%),0-4 (1.1%),4-1 (1.1%),2-4 (0.9%)
Bosnia and Herzegovina vs Qatar,38.4484,25.811400000000003,35.7402,1-1 (12.3%),1-0 (9.3%),0-1 (8.8%),2-1 (8.5%),1-2 (8.1%),0-0 (6.7%),2-0 (6.4%),0-2 (5.8%),2-2 (5.6%),3-1 (3.9%),1-3 (3.6%),3-0 (2.9%),0-3 (2.6%),3-2 (2.5%),2-3 (2.4%),4-1 (1.3%),1-4 (1.2%),3-3 (1.1%),4-0 (1.0%),4-2 (0.9%)
Bosnia and Herzegovina vs Switzerland,14.5558,19.8296,65.6146,0-2 (11.3%),0-1 (10.8%),1-2 (9.9%),1-1 (9.4%),0-3 (7.9%),1-3 (6.8%),0-0 (5.2%),1-0 (4.5%),2-2 (4.3%),0-4 (4.2%),2-1 (4.1%),1-4 (3.6%),2-3 (3.0%),2-0 (1.9%),0-5 (1.7%),2-4 (1.6%),1-5 (1.5%),3-2 (1.3%),3-1 (1.2%),3-3 (0.8%)
Qatar vs Switzerland,13.836599999999999,19.429199999999998,66.7342,0-2 (11.4%),0-1 (10.7%),1-2 (9.8%),1-1 (9.2%),0-3 (8.2%),1-3 (7.0%),0-0 (5.1%),0-4 (4.3%),1-0 (4.3%),2-2 (4.2%),2-1 (4.0%),1-4 (3.7%),2-3 (3.0%),0-5 (1.9%),2-0 (1.8%),2-4 (1.6%),1-5 (1.6%),3-2 (1.2%),3-1 (1.1%),3-3 (0.8%)
Brazil vs Morocco,40.0408,25.6838,34.2754,1-1 (12.2%),1-0 (9.5%),0-1 (8.7%),2-1 (8.6%),1-2 (7.9%),0-0 (6.7%),2-0 (6.7%),0-2 (5.6%),2-2 (5.5%),3-1 (4.1%),1-3 (3.3%),3-0 (3.2%),3-2 (2.6%),0-3 (2.4%),2-3 (2.4%),4-1 (1.4%),3-3 (1.1%),4-0 (1.1%),1-4 (1.1%),4-2 (0.9%)
Brazil vs Haiti,77.6318,14.443800000000001,7.9243999999999994,2-0 (12.4%),3-0 (10.7%),1-0 (9.6%),2-1 (8.8%),3-1 (7.6%),4-0 (6.9%),1-1 (6.8%),4-1 (4.9%),0-0 (3.8%),5-0 (3.6%),2-2 (3.1%),3-2 (2.7%),0-1 (2.6%),5-1 (2.5%),1-2 (2.4%),4-2 (1.7%),6-0 (1.5%),6-1 (1.1%),0-2 (0.9%),5-2 (0.9%)
Brazil vs Scotland,61.960800000000006,21.205199999999998,16.834,1-0 (10.9%),2-0 (10.8%),1-1 (10.0%),2-1 (9.9%),3-0 (7.1%),3-1 (6.5%),0-0 (5.6%),0-1 (5.1%),2-2 (4.6%),1-2 (4.6%),4-0 (3.5%),4-1 (3.3%),3-2 (3.0%),0-2 (2.3%),4-2 (1.5%),1-3 (1.5%),2-3 (1.4%),5-0 (1.4%),5-1 (1.3%),3-3 (0.9%)
Morocco vs Haiti,74.9452,15.7386,9.3162,2-0 (12.4%),1-0 (10.1%),3-0 (10.0%),2-1 (9.1%),1-1 (7.5%),3-1 (7.5%),4-0 (6.2%),4-1 (4.5%),0-0 (4.1%),2-2 (3.4%),0-1 (3.0%),5-0 (3.0%),1-2 (2.8%),3-2 (2.8%),5-1 (2.3%),4-2 (1.7%),6-0 (1.3%),0-2 (1.1%),6-1 (0.9%),2-3 (0.9%)
Morocco vs Scotland,58.836999999999996,22.291800000000002,18.871199999999998,1-0 (10.8%),1-1 (10.5%),2-0 (10.2%),2-1 (10.0%),3-0 (6.5%),3-1 (6.2%),0-0 (5.8%),0-1 (5.6%),1-2 (5.0%),2-2 (4.8%),4-0 (3.0%),3-2 (3.0%),4-1 (2.9%),0-2 (2.7%),1-3 (1.6%),2-3 (1.5%),4-2 (1.4%),5-0 (1.1%),5-1 (1.1%),3-3 (1.0%)
Haiti vs Scotland,22.1726,23.5408,54.28659999999999,1-1 (11.2%),0-1 (10.7%),1-2 (9.8%),0-2 (9.4%),1-0 (6.3%),0-0 (6.1%),1-3 (5.8%),2-1 (5.7%),0-3 (5.6%),2-2 (5.1%),2-0 (3.3%),2-3 (2.9%),1-4 (2.5%),0-4 (2.4%),3-1 (2.0%),3-2 (1.8%),2-4 (1.3%),3-0 (1.1%),3-3 (1.0%),1-5 (0.9%)
United States vs Paraguay,39.879599999999996,25.7488,34.3716,1-1 (12.2%),1-0 (9.4%),0-1 (8.7%),2-1 (8.6%),1-2 (7.9%),0-0 (6.7%),2-0 (6.6%),0-2 (5.6%),2-2 (5.6%),3-1 (4.0%),1-3 (3.4%),3-0 (3.1%),3-2 (2.6%),0-3 (2.4%),2-3 (2.4%),4-1 (1.4%),3-3 (1.1%),4-0 (1.1%),1-4 (1.1%),4-2 (0.9%)
United States vs Australia,38.668400000000005,25.7858,35.5458,1-1 (12.2%),1-0 (9.3%),0-1 (8.9%),2-1 (8.5%),1-2 (8.0%),0-0 (6.7%),2-0 (6.5%),0-2 (5.8%),2-2 (5.6%),3-1 (3.9%),1-3 (3.5%),3-0 (2.9%),3-2 (2.6%),0-3 (2.6%),2-3 (2.4%),4-1 (1.3%),1-4 (1.2%),3-3 (1.1%),4-0 (1.0%),4-2 (0.9%)
United States vs Turkey,34.0704,25.769,40.1606,1-1 (12.2%),0-1 (9.6%),1-0 (8.6%),1-2 (8.6%),2-1 (7.9%),0-2 (6.7%),0-0 (6.7%),2-2 (5.6%),2-0 (5.5%),1-3 (4.1%),3-1 (3.4%),0-3 (3.2%),2-3 (2.6%),3-0 (2.4%),3-2 (2.4%),1-4 (1.5%),3-3 (1.2%),0-4 (1.1%),4-1 (1.1%),2-4 (0.9%)
Paraguay vs Australia,35.8822,25.8218,38.296,1-1 (12.2%),0-1 (9.2%),1-0 (8.9%),1-2 (8.4%),2-1 (8.1%),0-0 (6.7%),0-2 (6.4%),2-0 (5.9%),2-2 (5.6%),1-3 (3.9%),3-1 (3.6%),0-3 (2.9%),3-0 (2.6%),2-3 (2.6%),3-2 (2.5%),1-4 (1.3%),4-1 (1.2%),3-3 (1.1%),0-4 (1.0%),2-4 (0.9%)
Paraguay vs Turkey,31.530599999999996,25.566,42.903400000000005,1-1 (12.1%),0-1 (9.8%),1-2 (8.9%),1-0 (8.2%),2-1 (7.4%),0-2 (7.3%),0-0 (6.7%),2-2 (5.5%),2-0 (5.1%),1-3 (4.4%),0-3 (3.6%),3-1 (3.1%),2-3 (2.7%),3-2 (2.3%),3-0 (2.1%),1-4 (1.7%),0-4 (1.3%),3-3 (1.1%),2-4 (1.0%),4-1 (0.9%)
Australia vs Turkey,32.536,25.5938,41.870200000000004,1-1 (12.2%),0-1 (9.8%),1-2 (8.8%),1-0 (8.3%),2-1 (7.6%),0-2 (7.0%),0-0 (6.6%),2-2 (5.5%),2-0 (5.2%),1-3 (4.3%),0-3 (3.4%),3-1 (3.2%),2-3 (2.7%),3-2 (2.3%),3-0 (2.2%),1-4 (1.6%),0-4 (1.2%),3-3 (1.1%),4-1 (1.0%),2-4 (1.0%)
Germany vs Curaçao,82.49119999999999,11.7552,5.7536,2-0 (12.3%),3-0 (11.7%),1-0 (8.6%),4-0 (8.4%),2-1 (7.9%),3-1 (7.6%),1-1 (5.6%),4-1 (5.3%),5-0 (4.8%),5-1 (3.1%),0-0 (3.0%),2-2 (2.5%),3-2 (2.4%),6-0 (2.3%),0-1 (1.9%),1-2 (1.8%),4-2 (1.7%),6-1 (1.5%),5-2 (1.0%),7-0 (0.9%)
Germany vs Ivory Coast,59.1604,22.1312,18.7084,1-0 (11.0%),1-1 (10.5%),2-0 (10.3%),2-1 (9.9%),3-0 (6.5%),3-1 (6.2%),0-0 (5.7%),0-1 (5.5%),1-2 (5.0%),2-2 (4.8%),4-0 (3.1%),3-2 (3.0%),4-1 (3.0%),0-2 (2.6%),1-3 (1.6%),2-3 (1.5%),4-2 (1.4%),5-0 (1.1%),5-1 (1.1%),3-3 (1.0%)
Germany vs Ecuador,41.7486,25.713200000000004,32.5382,1-1 (12.2%),1-0 (9.7%),2-1 (8.9%),0-1 (8.3%),1-2 (7.6%),2-0 (7.0%),0-0 (6.7%),2-2 (5.6%),0-2 (5.2%),3-1 (4.3%),3-0 (3.4%),1-3 (3.1%),3-2 (2.6%),2-3 (2.3%),0-3 (2.2%),4-1 (1.6%),4-0 (1.2%),3-3 (1.1%),1-4 (1.0%),4-2 (1.0%)
Curaçao vs Ivory Coast,15.731800000000002,20.5778,63.690400000000004,0-2 (11.0%),0-1 (10.9%),1-2 (9.9%),1-1 (9.7%),0-3 (7.4%),1-3 (6.7%),0-0 (5.4%),1-0 (4.8%),2-2 (4.5%),2-1 (4.4%),0-4 (3.8%),1-4 (3.4%),2-3 (3.1%),2-0 (2.1%),0-5 (1.5%),2-4 (1.5%),1-5 (1.4%),3-2 (1.3%),3-1 (1.3%),3-3 (0.9%)
Curaçao vs Ecuador,7.3088,13.6378,79.0534,0-2 (12.4%),0-3 (10.9%),0-1 (9.5%),1-2 (8.6%),1-3 (7.6%),0-4 (7.3%),1-1 (6.5%),1-4 (5.0%),0-5 (3.9%),0-0 (3.5%),2-2 (2.9%),1-5 (2.7%),2-3 (2.6%),1-0 (2.4%),2-1 (2.2%),0-6 (1.7%),2-4 (1.7%),1-6 (1.2%),2-5 (0.9%),2-0 (0.8%)
Ivory Coast vs Ecuador,22.259999999999998,23.427,54.313,1-1 (11.1%),0-1 (10.8%),1-2 (9.7%),0-2 (9.5%),1-0 (6.4%),0-0 (6.1%),2-1 (5.8%),1-3 (5.7%),0-3 (5.5%),2-2 (5.1%),2-0 (3.2%),2-3 (3.0%),1-4 (2.5%),0-4 (2.4%),3-1 (2.0%),3-2 (1.7%),2-4 (1.3%),3-0 (1.1%),3-3 (1.0%),1-5 (0.9%)
Netherlands vs Japan,38.9148,25.884,35.2012,1-1 (12.2%),1-0 (9.2%),0-1 (8.8%),2-1 (8.5%),1-2 (8.0%),0-0 (6.7%),2-0 (6.5%),0-2 (5.8%),2-2 (5.6%),3-1 (3.9%),1-3 (3.5%),3-0 (3.0%),3-2 (2.6%),0-3 (2.5%),2-3 (2.4%),4-1 (1.4%),3-3 (1.2%),1-4 (1.1%),4-0 (1.0%),4-2 (0.9%)
Netherlands vs Sweden,59.5176,21.9768,18.5056,1-0 (10.9%),1-1 (10.5%),2-0 (10.4%),2-1 (9.9%),3-0 (6.6%),3-1 (6.3%),0-0 (5.7%),0-1 (5.4%),1-2 (5.0%),2-2 (4.8%),4-0 (3.2%),4-1 (3.0%),3-2 (3.0%),0-2 (2.6%),1-3 (1.6%),2-3 (1.5%),4-2 (1.4%),5-0 (1.2%),5-1 (1.2%),3-3 (0.9%)
Netherlands vs Tunisia,61.529,21.319399999999998,17.151600000000002,1-0 (10.9%),2-0 (10.7%),1-1 (10.1%),2-1 (9.9%),3-0 (7.0%),3-1 (6.5%),0-0 (5.6%),0-1 (5.1%),1-2 (4.7%),2-2 (4.6%),4-0 (3.4%),4-1 (3.2%),3-2 (3.0%),0-2 (2.4%),4-2 (1.5%),2-3 (1.5%),1-3 (1.5%),5-0 (1.4%),5-1 (1.2%),3-3 (0.9%)
Japan vs Sweden,57.4608,22.573999999999998,19.9652,1-0 (10.8%),1-1 (10.7%),2-0 (10.0%),2-1 (9.9%),3-0 (6.1%),3-1 (6.1%),0-0 (5.9%),0-1 (5.8%),1-2 (5.3%),2-2 (4.9%),3-2 (3.0%),0-2 (2.9%),4-1 (2.8%),4-0 (2.8%),1-3 (1.7%),2-3 (1.6%),4-2 (1.4%),5-0 (1.0%),5-1 (1.0%),3-3 (1.0%)
Japan vs Tunisia,59.385600000000004,22.112000000000002,18.502399999999998,1-0 (10.8%),1-1 (10.5%),2-0 (10.4%),2-1 (10.0%),3-0 (6.6%),3-1 (6.2%),0-0 (5.8%),0-1 (5.5%),1-2 (5.0%),2-2 (4.8%),4-0 (3.1%),4-1 (3.0%),3-2 (3.0%),0-2 (2.6%),1-3 (1.6%),2-3 (1.5%),4-2 (1.4%),5-0 (1.2%),5-1 (1.1%),3-3 (1.0%)
Sweden vs Tunisia,38.875,25.831799999999998,35.2932,1-1 (12.3%),1-0 (9.4%),0-1 (8.8%),2-1 (8.4%),1-2 (8.0%),0-0 (6.7%),2-0 (6.5%),0-2 (5.8%),2-2 (5.5%),3-1 (3.9%),1-3 (3.5%),3-0 (3.0%),3-2 (2.6%),0-3 (2.5%),2-3 (2.4%),4-1 (1.3%),3-3 (1.1%),1-4 (1.1%),4-0 (1.1%),4-2 (0.9%)
Belgium vs Egypt,49.425799999999995,24.6112,25.963,1-1 (11.7%),1-0 (10.4%),2-1 (9.5%),2-0 (8.6%),0-1 (7.1%),1-2 (6.5%),0-0 (6.4%),2-2 (5.3%),3-1 (5.2%),3-0 (4.7%),0-2 (4.0%),3-2 (2.9%),1-3 (2.4%),4-1 (2.1%),2-3 (2.0%),4-0 (1.9%),0-3 (1.5%),4-2 (1.2%),3-3 (1.1%),5-1 (0.7%)
Belgium vs Iran,40.4992,25.663399999999996,33.8374,1-1 (12.1%),1-0 (9.5%),2-1 (8.8%),0-1 (8.6%),1-2 (7.8%),2-0 (6.8%),0-0 (6.7%),2-2 (5.6%),0-2 (5.5%),3-1 (4.1%),1-3 (3.4%),3-0 (3.2%),3-2 (2.6%),0-3 (2.4%),2-3 (2.4%),4-1 (1.5%),3-3 (1.1%),4-0 (1.1%),1-4 (1.1%),4-2 (0.9%)
Belgium vs New Zealand,65.1034,20.016000000000002,14.8806,2-0 (11.3%),1-0 (10.8%),2-1 (9.8%),1-1 (9.5%),3-0 (7.8%),3-1 (6.8%),0-0 (5.2%),0-1 (4.6%),2-2 (4.3%),1-2 (4.1%),4-0 (4.1%),4-1 (3.6%),3-2 (3.0%),0-2 (2.0%),5-0 (1.7%),4-2 (1.6%),5-1 (1.5%),2-3 (1.3%),1-3 (1.2%),3-3 (0.9%)
Egypt vs Iran,28.939799999999998,25.220799999999997,45.839400000000005,1-1 (12.0%),0-1 (10.1%),1-2 (9.2%),0-2 (7.8%),1-0 (7.8%),2-1 (7.0%),0-0 (6.5%),2-2 (5.5%),1-3 (4.8%),2-0 (4.5%),0-3 (4.1%),2-3 (2.8%),3-1 (2.8%),3-2 (2.1%),1-4 (1.9%),3-0 (1.8%),0-4 (1.6%),3-3 (1.1%),2-4 (1.1%),4-1 (0.8%)
Egypt vs New Zealand,52.82639999999999,23.741,23.4326,1-1 (11.3%),1-0 (10.7%),2-1 (9.7%),2-0 (9.1%),0-1 (6.6%),0-0 (6.2%),1-2 (6.0%),3-1 (5.6%),3-0 (5.2%),2-2 (5.1%),0-2 (3.5%),3-2 (3.0%),4-1 (2.4%),4-0 (2.2%),1-3 (2.1%),2-3 (1.9%),4-2 (1.3%),0-3 (1.2%),3-3 (1.0%),5-1 (0.8%)
Iran vs New Zealand,61.6152,21.2414,17.1434,1-0 (10.9%),2-0 (10.7%),1-1 (10.1%),2-1 (9.9%),3-0 (7.0%),3-1 (6.6%),0-0 (5.6%),0-1 (5.1%),1-2 (4.7%),2-2 (4.5%),4-0 (3.5%),4-1 (3.2%),3-2 (3.0%),0-2 (2.4%),4-2 (1.5%),2-3 (1.4%),1-3 (1.4%),5-0 (1.4%),5-1 (1.3%),3-3 (0.9%)
Spain vs Cape Verde,83.664,11.110000000000001,5.226,2-0 (12.3%),3-0 (12.1%),4-0 (8.7%),1-0 (8.5%),2-1 (7.7%),3-1 (7.5%),4-1 (5.4%),1-1 (5.2%),5-0 (5.1%),5-1 (3.2%),0-0 (2.9%),6-0 (2.5%),2-2 (2.4%),3-2 (2.3%),0-1 (1.8%),4-2 (1.7%),1-2 (1.6%),6-1 (1.5%),7-0 (1.0%),5-2 (1.0%)
Spain vs Saudi Arabia,82.34179999999999,11.846,5.8122,2-0 (12.5%),3-0 (11.7%),1-0 (8.8%),4-0 (8.2%),2-1 (8.0%),3-1 (7.5%),1-1 (5.6%),4-1 (5.3%),5-0 (4.7%),0-0 (3.1%),5-1 (3.1%),2-2 (2.6%),3-2 (2.4%),6-0 (2.2%),0-1 (2.0%),1-2 (1.8%),4-2 (1.7%),6-1 (1.4%),5-2 (1.0%),7-0 (0.9%)
Spain vs Uruguay,60.941199999999995,21.4716,17.5872,1-0 (10.9%),2-0 (10.6%),1-1 (10.2%),2-1 (10.0%),3-0 (6.9%),3-1 (6.4%),0-0 (5.6%),0-1 (5.2%),1-2 (4.8%),2-2 (4.6%),4-0 (3.4%),4-1 (3.1%),3-2 (3.0%),0-2 (2.5%),1-3 (1.5%),4-2 (1.5%),2-3 (1.4%),5-0 (1.3%),5-1 (1.2%),3-3 (0.9%)
Cape Verde vs Saudi Arabia,35.1288,25.884,38.9872,1-1 (12.3%),0-1 (9.4%),1-0 (8.8%),1-2 (8.4%),2-1 (8.0%),0-0 (6.7%),0-2 (6.5%),2-0 (5.7%),2-2 (5.6%),1-3 (4.0%),3-1 (3.5%),0-3 (3.0%),2-3 (2.6%),3-0 (2.5%),3-2 (2.4%),1-4 (1.4%),3-3 (1.1%),4-1 (1.1%),0-4 (1.1%),2-4 (0.9%)
Cape Verde vs Uruguay,15.879399999999999,20.617,63.503600000000006,0-2 (11.0%),0-1 (10.8%),1-2 (10.0%),1-1 (9.7%),0-3 (7.4%),1-3 (6.7%),0-0 (5.4%),1-0 (4.8%),2-2 (4.5%),2-1 (4.4%),0-4 (3.8%),1-4 (3.3%),2-3 (3.0%),2-0 (2.2%),0-5 (1.5%),2-4 (1.5%),1-5 (1.4%),3-2 (1.3%),3-1 (1.3%),3-3 (0.9%)
Saudi Arabia vs Uruguay,17.2358,21.2852,61.47899999999999,0-1 (10.9%),0-2 (10.7%),1-1 (10.1%),1-2 (9.9%),0-3 (7.0%),1-3 (6.5%),0-0 (5.5%),1-0 (5.1%),2-1 (4.7%),2-2 (4.6%),0-4 (3.4%),1-4 (3.2%),2-3 (3.0%),2-0 (2.4%),2-4 (1.5%),3-2 (1.4%),3-1 (1.4%),0-5 (1.4%),1-5 (1.3%),3-3 (0.9%)
France vs Senegal,55.471000000000004,23.1226,21.4064,1-1 (11.0%),1-0 (10.9%),2-1 (9.8%),2-0 (9.7%),0-1 (6.2%),0-0 (6.0%),3-1 (5.8%),3-0 (5.8%),1-2 (5.6%),2-2 (5.0%),0-2 (3.1%),3-2 (3.0%),4-1 (2.6%),4-0 (2.6%),1-3 (1.9%),2-3 (1.7%),4-2 (1.3%),0-3 (1.1%),3-3 (1.0%),5-0 (0.9%)
France vs Iraq,69.97240000000001,18.049,11.9786,2-0 (11.9%),1-0 (10.6%),2-1 (9.6%),3-0 (8.9%),1-1 (8.5%),3-1 (7.2%),4-0 (5.0%),0-0 (4.7%),4-1 (4.1%),2-2 (3.9%),0-1 (3.8%),1-2 (3.5%),3-2 (2.9%),5-0 (2.3%),5-1 (1.8%),4-2 (1.7%),0-2 (1.5%),2-3 (1.1%),1-3 (0.9%),6-0 (0.8%)
France vs Norway,57.5036,22.5952,19.9012,1-0 (10.8%),1-1 (10.7%),2-0 (10.0%),2-1 (9.9%),3-0 (6.2%),3-1 (6.1%),0-0 (6.0%),0-1 (5.9%),1-2 (5.2%),2-2 (4.9%),3-2 (3.0%),4-0 (2.9%),0-2 (2.9%),4-1 (2.8%),1-3 (1.7%),2-3 (1.6%),4-2 (1.4%),5-0 (1.1%),5-1 (1.0%),3-3 (1.0%)
Senegal vs Iraq,51.834199999999996,24.0182,24.1476,1-1 (11.3%),1-0 (10.7%),2-1 (9.7%),2-0 (9.0%),0-1 (6.8%),0-0 (6.3%),1-2 (6.2%),3-1 (5.5%),2-2 (5.2%),3-0 (5.0%),0-2 (3.6%),3-2 (3.0%),4-1 (2.3%),1-3 (2.2%),4-0 (2.2%),2-3 (1.9%),0-3 (1.3%),4-2 (1.2%),3-3 (1.1%),5-1 (0.8%)
Senegal vs Norway,39.1322,25.842599999999997,35.0252,1-1 (12.3%),1-0 (9.4%),0-1 (8.8%),2-1 (8.5%),1-2 (8.0%),0-0 (6.7%),2-0 (6.5%),0-2 (5.7%),2-2 (5.6%),3-1 (4.0%),1-3 (3.5%),3-0 (3.0%),3-2 (2.6%),0-3 (2.5%),2-3 (2.4%),4-1 (1.4%),1-4 (1.1%),3-3 (1.1%),4-0 (1.1%),4-2 (0.9%)
Iraq vs Norway,25.872600000000002,24.4942,49.6332,1-1 (11.7%),0-1 (10.5%),1-2 (9.5%),0-2 (8.5%),1-0 (7.1%),2-1 (6.4%),0-0 (6.3%),2-2 (5.3%),1-3 (5.2%),0-3 (4.7%),2-0 (3.9%),2-3 (2.9%),3-1 (2.4%),1-4 (2.1%),3-2 (2.0%),0-4 (1.9%),3-0 (1.5%),2-4 (1.2%),3-3 (1.1%),1-5 (0.7%)
Argentina vs Algeria,64.8082,20.0862,15.105599999999999,2-0 (11.2%),1-0 (10.8%),2-1 (9.9%),1-1 (9.5%),3-0 (7.7%),3-1 (6.8%),0-0 (5.2%),0-1 (4.6%),2-2 (4.3%),1-2 (4.3%),4-0 (4.0%),4-1 (3.5%),3-2 (3.0%),0-2 (2.0%),5-0 (1.7%),4-2 (1.5%),5-1 (1.5%),2-3 (1.3%),1-3 (1.3%),3-3 (0.9%)
Argentina vs Austria,65.6714,19.789,14.5396,2-0 (11.4%),1-0 (10.8%),2-1 (9.8%),1-1 (9.4%),3-0 (7.9%),3-1 (6.9%),0-0 (5.2%),0-1 (4.5%),2-2 (4.3%),4-0 (4.2%),1-2 (4.1%),4-1 (3.6%),3-2 (3.0%),0-2 (1.9%),5-0 (1.7%),4-2 (1.6%),5-1 (1.5%),2-3 (1.2%),1-3 (1.2%),3-3 (0.9%)
Argentina vs Jordan,78.2528,14.0576,7.6896,2-0 (12.5%),3-0 (10.8%),1-0 (9.6%),2-1 (8.7%),3-1 (7.6%),4-0 (7.1%),1-1 (6.6%),4-1 (4.9%),0-0 (3.7%),5-0 (3.7%),2-2 (3.0%),3-2 (2.6%),5-1 (2.6%),0-1 (2.6%),1-2 (2.4%),4-2 (1.7%),6-0 (1.6%),6-1 (1.1%),5-2 (0.9%),0-2 (0.9%)
Algeria vs Austria,38.1746,25.733800000000002,36.0916,1-1 (12.3%),1-0 (9.3%),0-1 (9.0%),2-1 (8.4%),1-2 (8.1%),0-0 (6.7%),2-0 (6.3%),0-2 (5.9%),2-2 (5.6%),3-1 (3.8%),1-3 (3.6%),3-0 (2.9%),0-3 (2.6%),3-2 (2.6%),2-3 (2.5%),4-1 (1.3%),1-4 (1.2%),3-3 (1.1%),4-0 (1.0%),4-2 (0.9%)
Algeria vs Jordan,52.06699999999999,24.1404,23.7926,1-1 (11.5%),1-0 (10.6%),2-1 (9.7%),2-0 (9.1%),0-1 (6.7%),0-0 (6.2%),1-2 (6.1%),3-1 (5.5%),2-2 (5.2%),3-0 (5.2%),0-2 (3.6%),3-2 (2.9%),4-1 (2.3%),4-0 (2.2%),1-3 (2.2%),2-3 (1.8%),0-3 (1.3%),4-2 (1.2%),3-3 (1.0%),5-1 (0.8%)
Austria vs Jordan,51.1502,24.2682,24.5816,1-1 (11.5%),1-0 (10.5%),2-1 (9.7%),2-0 (8.9%),0-1 (6.8%),0-0 (6.3%),1-2 (6.2%),3-1 (5.4%),2-2 (5.3%),3-0 (5.0%),0-2 (3.7%),3-2 (2.9%),1-3 (2.3%),4-1 (2.3%),4-0 (2.1%),2-3 (1.9%),0-3 (1.4%),4-2 (1.3%),3-3 (1.0%),5-1 (0.8%)
Portugal vs DR Congo,67.8932,18.8868,13.22,2-0 (11.6%),1-0 (10.7%),2-1 (9.7%),1-1 (8.9%),3-0 (8.5%),3-1 (7.1%),0-0 (5.0%),4-0 (4.5%),0-1 (4.2%),2-2 (4.1%),4-1 (3.8%),1-2 (3.8%),3-2 (3.0%),5-0 (2.0%),0-2 (1.7%),5-1 (1.7%),4-2 (1.6%),2-3 (1.2%),1-3 (1.0%),3-3 (0.8%)
Portugal vs Uzbekistan,55.7542,23.2026,21.043200000000002,1-1 (11.0%),1-0 (10.8%),2-1 (9.9%),2-0 (9.7%),0-1 (6.1%),0-0 (6.0%),3-1 (5.9%),3-0 (5.8%),1-2 (5.5%),2-2 (5.0%),0-2 (3.1%),3-2 (3.0%),4-1 (2.7%),4-0 (2.6%),1-3 (1.9%),2-3 (1.6%),4-2 (1.4%),0-3 (1.0%),3-3 (1.0%),5-1 (1.0%)
Portugal vs Colombia,37.6024,25.711000000000002,36.686600000000006,1-1 (12.2%),1-0 (9.2%),0-1 (9.0%),2-1 (8.3%),1-2 (8.2%),0-0 (6.7%),2-0 (6.2%),0-2 (6.1%),2-2 (5.6%),3-1 (3.8%),1-3 (3.7%),3-0 (2.8%),0-3 (2.6%),3-2 (2.5%),2-3 (2.5%),4-1 (1.3%),1-4 (1.2%),3-3 (1.1%),4-0 (1.0%),0-4 (0.9%)
DR Congo vs Uzbekistan,26.07,24.4914,49.4386,1-1 (11.7%),0-1 (10.5%),1-2 (9.5%),0-2 (8.6%),1-0 (7.1%),2-1 (6.6%),0-0 (6.4%),2-2 (5.3%),1-3 (5.2%),0-3 (4.7%),2-0 (4.0%),2-3 (2.9%),3-1 (2.4%),1-4 (2.1%),3-2 (2.0%),0-4 (1.9%),3-0 (1.5%),2-4 (1.2%),3-3 (1.1%),1-5 (0.7%)
DR Congo vs Colombia,13.431399999999998,19.092200000000002,67.4764,0-2 (11.6%),0-1 (10.8%),1-2 (9.8%),1-1 (9.0%),0-3 (8.4%),1-3 (7.0%),0-0 (5.0%),0-4 (4.5%),1-0 (4.2%),2-2 (4.1%),2-1 (3.8%),1-4 (3.8%),2-3 (3.0%),0-5 (1.9%),2-0 (1.8%),1-5 (1.6%),2-4 (1.6%),3-2 (1.2%),3-1 (1.1%),3-3 (0.9%)
Uzbekistan vs Colombia,21.5194,23.2364,55.2442,1-1 (11.1%),0-1 (10.9%),1-2 (9.8%),0-2 (9.6%),1-0 (6.1%),0-0 (6.0%),1-3 (5.8%),0-3 (5.7%),2-1 (5.6%),2-2 (5.0%),2-0 (3.1%),2-3 (3.0%),1-4 (2.6%),0-4 (2.6%),3-1 (1.9%),3-2 (1.7%),2-4 (1.3%),3-0 (1.1%),3-3 (1.0%),1-5 (0.9%)
England vs Croatia,43.675399999999996,25.418200000000002,30.9064,1-1 (12.1%),1-0 (9.9%),2-1 (9.0%),0-1 (8.1%),2-0 (7.4%),1-2 (7.3%),0-0 (6.6%),2-2 (5.5%),0-2 (4.9%),3-1 (4.5%),3-0 (3.7%),1-3 (3.0%),3-2 (2.8%),2-3 (2.2%),0-3 (2.0%),4-1 (1.7%),4-0 (1.4%),3-3 (1.1%),4-2 (1.0%),1-4 (0.9%)
England vs Ghana,79.1022,13.647799999999998,7.249999999999999,2-0 (12.5%),3-0 (11.0%),1-0 (9.4%),2-1 (8.7%),3-1 (7.6%),4-0 (7.3%),1-1 (6.5%),4-1 (5.0%),5-0 (3.9%),0-0 (3.6%),2-2 (2.9%),5-1 (2.6%),3-2 (2.6%),0-1 (2.4%),1-2 (2.2%),6-0 (1.7%),4-2 (1.7%),6-1 (1.2%),5-2 (0.9%),0-2 (0.8%)
England vs Panama,65.392,19.971,14.637,2-0 (11.2%),1-0 (10.9%),2-1 (9.9%),1-1 (9.5%),3-0 (7.8%),3-1 (6.9%),0-0 (5.2%),0-1 (4.5%),2-2 (4.3%),1-2 (4.1%),4-0 (4.1%),4-1 (3.6%),3-2 (3.0%),0-2 (2.0%),5-0 (1.7%),4-2 (1.6%),5-1 (1.5%),2-3 (1.3%),1-3 (1.2%),3-3 (0.8%)
Croatia vs Ghana,73.4396,16.438,10.122399999999999,2-0 (12.1%),1-0 (10.2%),3-0 (9.7%),2-1 (9.3%),1-1 (7.8%),3-1 (7.5%),4-0 (5.8%),4-1 (4.4%),0-0 (4.3%),2-2 (3.6%),0-1 (3.3%),1-2 (3.0%),3-2 (2.8%),5-0 (2.8%),5-1 (2.1%),4-2 (1.7%),0-2 (1.3%),6-0 (1.1%),2-3 (0.9%),6-1 (0.9%)
Croatia vs Panama,58.825799999999994,22.2576,18.9166,1-0 (10.9%),1-1 (10.6%),2-0 (10.2%),2-1 (9.9%),3-0 (6.5%),3-1 (6.2%),0-0 (5.8%),0-1 (5.6%),1-2 (5.0%),2-2 (4.8%),4-0 (3.0%),3-2 (3.0%),4-1 (2.9%),0-2 (2.7%),1-3 (1.6%),2-3 (1.6%),4-2 (1.4%),5-0 (1.1%),5-1 (1.1%),3-3 (1.0%)
Ghana vs Panama,23.5124,23.8778,52.60979999999999,1-1 (11.3%),0-1 (10.6%),1-2 (9.8%),0-2 (9.1%),1-0 (6.6%),0-0 (6.3%),2-1 (6.0%),1-3 (5.5%),0-3 (5.2%),2-2 (5.1%),2-0 (3.5%),2-3 (3.0%),1-4 (2.4%),0-4 (2.3%),3-1 (2.1%),3-2 (1.9%),3-0 (1.3%),2-4 (1.3%),3-3 (1.1%),1-5 (0.8%)
